-- phpMyAdmin SQL Dump
-- version 4.1.6
-- http://www.phpmyadmin.net
--
-- Host: 127.0.0.1
-- Generation Time: Jul 22, 2014 at 08:07 AM
-- Server version: 5.6.16
-- PHP Version: 5.5.9

SET SQL_MODE = "NO_AUTO_VALUE_ON_ZERO";
SET time_zone = "+00:00";


/*!40101 SET @OLD_CHARACTER_SET_CLIENT=@@CHARACTER_SET_CLIENT */;
/*!40101 SET @OLD_CHARACTER_SET_RESULTS=@@CHARACTER_SET_RESULTS */;
/*!40101 SET @OLD_COLLATION_CONNECTION=@@COLLATION_CONNECTION */;
/*!40101 SET NAMES utf8 */;

--
-- Database: `ffcs`
--

-- --------------------------------------------------------

--
-- Table structure for table `classdata`
--

CREATE TABLE IF NOT EXISTS `classdata` (
  `data` longtext,
  `course` varchar(10) DEFAULT NULL
) ENGINE=InnoDB DEFAULT CHARSET=latin1;

--
-- Dumping data for table `classdata`
--

INSERT INTO `classdata` (`data`, `course`) VALUES
('adsfsdfkj;sldkf', 'CRDJ001'),
('adfsdklaf;sd', 'CRDJ001'),
('sdjfk', 'CRDJ001'),
('jk', 'CRDJ001'),
('jlk', 'CRDJ001'),
('kjf', 'CRDJ001'),
(';lkjflk', 'CRDJ001'),
('j', 'CRDJ001'),
(';lkjf', 'CRDJ001'),
('lkjf', 'CRDJ001'),
('lkjf', 'CRDJ001'),
('lkjf', 'CRDJ001'),
('lkjf', 'CRDJ001'),
('ljf', 'CRDJ001'),
('fj', 'CRDJ001'),
('jkf', 'CRDJ001'),
('ljk', 'CRDJ001'),
('ljf', 'CRDJ001'),
('fljk', 'CRDJ001'),
('j', 'CRDJ001'),
('f', 'CRDJ001'),
('kjflkjflkjefljk', 'CRDJ001'),
('', 'CRDJ001'),
('jlj', 'CRDJ001'),
('ljk;fj', 'CRDJ001'),
(';', 'CRDJ001'),
('jfk', 'CRDJ001'),
(';jkf', 'CRDJ001'),
(';jfk', 'CRDJ001'),
('fjk', 'CRDJ001'),
('lfjk', 'CRDJ001'),
(';fkj', 'CRDJ001'),
(';fj', 'CRDJ001'),
(';fjklkj', 'CRDJ001'),
('fkj', 'CRDJ001'),
('kfj', 'CRDJ001'),
('fj', 'CRDJ001'),
('jf', 'CRDJ001'),
('fj', 'CRDJ001'),
('kjf', 'CRDJ001'),
('jkf', 'CRDJ001'),
('jf', 'CRDJ001'),
('kjf', 'CRDJ001'),
('kjf', 'CRDJ001'),
('kjf', 'CRDJ001'),
('null', 'CRDJ001'),
('null', 'CRDJ001'),
('null', 'CRDJ001'),
('null', 'CRDJ001'),
('null', 'CRDJ001'),
('null', 'CRDJ001'),
('null', 'CRDJ001'),
('null', 'CRDJ001'),
('null', 'CRDJ001'),
('null', 'CRDJ001'),
('null', 'CRDJ001'),
('null', 'CRDJ001'),
('null', 'CRDJ001'),
('null', 'CRDJ001'),
('null', 'CRDJ001'),
('null', 'CRDJ001'),
('null', 'CRDJ001'),
('null', 'CRDJ001'),
('null', 'CRDJ001'),
('null', 'CRDJ001'),
('null', 'CRDJ001'),
('null', 'CRDJ001'),
('null', 'CRDJ001'),
('null', 'CRDJ001'),
('null', 'CRDJ001'),
('null', 'CRDJ001'),
('null', 'CRDJ001'),
('null', 'CRDJ001'),
('null', 'CRDJ001'),
('null', 'CRDJ001'),
('null', 'CRDJ001'),
('null', 'CRDJ001'),
('null', 'CRDJ001'),
('null', 'CRDJ001'),
('null', 'CRDJ001'),
('null', 'CRDJ001'),
('null', 'CRDJ001'),
('null', 'CRDJ001'),
('null', 'CRDJ001'),
('null', 'CRDJ001'),
('null', 'CRDJ001'),
('null', 'CRDJ001'),
('null', 'CRDJ001'),
('null', 'CRDJ001'),
('null', 'CRDJ001'),
('null', 'CRDJ001'),
('null', 'CRDJ001'),
('null', 'CRDJ001'),
('null', 'CRDJ001'),
('null', 'CRDJ001'),
('null', 'CRDJ001'),
('null', 'CRDJ001'),
('null', 'CRDJ001'),
('null', 'CRDJ001'),
('null', 'CRDJ001'),
('', 'CRDJ004'),
('', 'CRDJ004'),
('', 'CRDJ004'),
('', 'CRDJ004'),
('', 'CRDJ004'),
('', 'CRDJ004'),
('', 'CRDJ004'),
('', 'CRDJ004'),
('', 'CRDJ004'),
('', 'CRDJ004'),
('', 'CRDJ004'),
('', 'CRDJ004'),
('', 'CRDJ004'),
('', 'CRDJ004'),
('', 'CRDJ004'),
('', 'CRDJ004'),
('', 'CRDJ004'),
('', 'CRDJ004'),
('', 'CRDJ004'),
('', 'CRDJ004'),
('', 'CRDJ004'),
('', 'CRDJ004'),
('', 'CRDJ004'),
('', 'CRDJ004'),
('', 'CRDJ004'),
('', 'CRDJ004'),
('', 'CRDJ004'),
('', 'CRDJ004'),
('', 'CRDJ004'),
('', 'CRDJ004'),
('', 'CRDJ004'),
('', 'CRDJ004'),
('', 'CRDJ004'),
('', 'CRDJ004'),
('', 'CRDJ004'),
('null', 'CRDJ004'),
('null', 'CRDJ004'),
('null', 'CRDJ004'),
('null', 'CRDJ004'),
('null', 'CRDJ004'),
('null', 'CRDJ004'),
('null', 'CRDJ004'),
('null', 'CRDJ004'),
('null', 'CRDJ004'),
('null', 'CRDJ004'),
('null', 'CRDJ004'),
('null', 'CRDJ004'),
('null', 'CRDJ004'),
('null', 'CRDJ004'),
('null', 'CRDJ004'),
('null', 'CRDJ004'),
('null', 'CRDJ004'),
('null', 'CRDJ004'),
('null', 'CRDJ004'),
('null', 'CRDJ004'),
('null', 'CRDJ004'),
('null', 'CRDJ004'),
('null', 'CRDJ004'),
('null', 'CRDJ004'),
('null', 'CRDJ004'),
('null', 'CRDJ004'),
('null', 'CRDJ004'),
('null', 'CRDJ004'),
('null', 'CRDJ004'),
('null', 'CRDJ004'),
('null', 'CRDJ004'),
('null', 'CRDJ004'),
('null', 'CRDJ004'),
('null', 'CRDJ004'),
('null', 'CRDJ004'),
('null', 'CRDJ004'),
('null', 'CRDJ004'),
('null', 'CRDJ004'),
('null', 'CRDJ004'),
('null', 'CRDJ004'),
('null', 'CRDJ004'),
('null', 'CRDJ004'),
('null', 'CRDJ004'),
('null', 'CRDJ004'),
('null', 'CRDJ004'),
('null', 'CRDJ004'),
('null', 'CRDJ004'),
('null', 'CRDJ004'),
('null', 'CRDJ004'),
('null', 'CRDJ004'),
('null', 'CRDJ004'),
('null', 'CRDJ004'),
('null', 'CRDJ004'),
('null', 'CRDJ004'),
('null', 'CRDJ004'),
('null', 'CRDJ004'),
('null', 'CRDJ004'),
('null', 'CRDJ004'),
('null', 'CRDJ004'),
('null', 'CRDJ004'),
('null', 'CRDJ004'),
('null', 'CRDJ004'),
('null', 'CRDJ004'),
('null', 'CRDJ004'),
('null', 'CRDJ004');

-- --------------------------------------------------------

--
-- Table structure for table `course`
--

CREATE TABLE IF NOT EXISTS `course` (
  `cid` varchar(10) NOT NULL,
  `cname` varchar(20) NOT NULL,
  `faculty` varchar(10) NOT NULL,
  `dura` int(3) NOT NULL DEFAULT '0',
  `desc` varchar(1000) NOT NULL DEFAULT 'Not Available',
  PRIMARY KEY (`cid`)
) ENGINE=InnoDB DEFAULT CHARSET=latin1;

--
-- Dumping data for table `course`
--

INSERT INTO `course` (`cid`, `cname`, `faculty`, `dura`, `desc`) VALUES
('CRDJ001', 'Java', 'RDJ0001', 45, 'The key that allows Java to solve both the security and the portability problems just described\r\nis that the output of a Java compiler is not executable code. Rather, it is bytecode.Bytecodeis\r\na highly optimized set of instructions designed to be executed by the Java run-time system,\r\nwhich is called theJava Virtual Machine (JVM)'),
('CRDJ002', 'Network', 'RDJ0001', 30, 'The key that allows Network to solve both the security and the portability problems just described\r\nis that the output of a Network compiler is not executable code. Rather, it is bytecode.Bytecodeis\r\na highly optimized set of instructions designed to be executed by the Network run-time system,\r\nwhich is called the Network Virtual Machine (JVM)'),
('CRDJ003', 'Mobile Computing', 'RDJ0003', 30, 'The key that allows Mobile to solve both the security and the portability problems just described\r\nis that the output of a Mobile compiler is not executable code. Rather, it is bytecode.Bytecodeis\r\na highly optimized set of instructions designed to be executed by the Mobile run-time system,\r\nwhich is called the Mobile Virtual Machine (JVM)'),
('CRDJ004', 'Enterprise Computing', 'RDJ0002', 35, 'The key that allows Enterprise to solve both the security and the portability problems just described\r\nis that the output of a Enterprise compiler is not executable code. Rather, it is bytecode.Bytecodeis\r\na highly optimized set of instructions designed to be executed by the Enterprise run-time system,\r\nwhich is called the Enterprise Virtual Machine (JVM)'),
('CRDJ005', 'C++', 'RDJ0002', 40, 'C++ is a middle-level programming language developed by Bjarne Stroustrup starting in 1979 at Bell Labs.\r\n\r\nC++ runs on a variety of platforms, such as Windows, Mac OS, and the various versions of UNIX.\r\n\r\nThis tutorial gives a complete understanding on C++.');

-- --------------------------------------------------------

--
-- Table structure for table `faculty`
--

CREATE TABLE IF NOT EXISTS `faculty` (
  `name` varchar(20) NOT NULL,
  `address` varchar(50) NOT NULL,
  `gender` varchar(6) NOT NULL,
  `contact` varchar(10) NOT NULL,
  `fid` varchar(10) NOT NULL,
  `email` varchar(50) NOT NULL,
  `psw` varchar(50) NOT NULL
) ENGINE=InnoDB DEFAULT CHARSET=latin1;

--
-- Dumping data for table `faculty`
--

INSERT INTO `faculty` (`name`, `address`, `gender`, `contact`, `fid`, `email`, `psw`) VALUES
('Senthil k.', '', 'male', '', 'RDJ0001', 'senthilk@gmail.com', 'senthil'),
('krishna', '', 'male', '', 'RDJ0002', 'krishna@gmail.com', 'krishna'),
('Dinakaran', '', 'male', '', 'RDJ0003', 'dinakaran@gmail.com', 'rdj0003');

-- --------------------------------------------------------

--
-- Table structure for table `question`
--

CREATE TABLE IF NOT EXISTS `question` (
  `quest` varchar(1000) DEFAULT NULL,
  `a` varchar(50) DEFAULT NULL,
  `b` varchar(50) DEFAULT NULL,
  `c` varchar(50) DEFAULT NULL,
  `d` varchar(50) DEFAULT NULL,
  `ans` varchar(5) DEFAULT NULL,
  `course` varchar(10) DEFAULT NULL
) ENGINE=InnoDB DEFAULT CHARSET=latin1;

--
-- Dumping data for table `question`
--

INSERT INTO `question` (`quest`, `a`, `b`, `c`, `d`, `ans`, `course`) VALUES
('fdsalkj', 'null', 'null', 'null', 'null', 'null', 'CRDJ004'),
('lkj', 'null', 'null', 'null', 'null', 'null', 'CRDJ004'),
('lkj', 'null', 'null', 'null', 'null', 'null', 'CRDJ004'),
('lkj', 'null', 'null', 'null', 'null', 'null', 'CRDJ004'),
('kl', 'null', 'null', 'null', 'null', 'null', 'CRDJ004'),
('jk', 'null', 'null', 'null', 'null', 'null', 'CRDJ004'),
('lkj', 'null', 'null', 'null', 'null', 'null', 'CRDJ004'),
('lkj', 'null', 'null', 'null', 'null', 'null', 'CRDJ004'),
('ljk', 'null', 'null', 'null', 'null', 'null', 'CRDJ004'),
('lk', 'null', 'null', 'null', 'null', 'null', 'CRDJ004'),
('PHP stands for?', 'Preprocessor hypertext', 'Personel homepage', 'Patiala house part', 'hypertext mark up', 'A', 'CRDJ001'),
('Who is the prime minister of india?', 'soniya gandhi', 'Narendra modi', 'Atal bihari', 'Rahul gandhi', 'B', 'CRDJ001'),
('Who is CM of MP?', 'Bhupendra', 'Kailash', 'Shivraj singh', 'Radhe', 'C', 'CRDJ001'),
('What is abbreviation of RAM?', 'Read only memory', 'Ramesh access memory', 'Random Access memory', 'None of these', 'C', 'CRDJ001'),
('What is abbreviation for CPU?', 'Central Processing Unit', 'None of these', 'Read only memory', 'Random access memory', 'A', 'CRDJ001'),
('What is abbreviation for RDJ?', 'RaDhe Jangid', 'None of these', 'random access memory', 'read only memory', 'A', 'CRDJ001'),
('What is abbreviation of VIT?', 'Van inst. of tech.', 'Vellore Inst. of Tech.', 'none of these', 'Vanglore Inst. Tech.', 'B', 'CRDJ001'),
('Who is the CM of Rajasthan?', 'Ashok Gahlot', 'Narendra Mod', 'Akhilest yadav', 'Vasundhra raje', 'D', 'CRDJ001'),
('Who is the CM of Utterpradesh?', 'Anuraj shukla', 'Bhupendra', 'Radhe shyam', 'Akhilesh Yadav', 'D', 'CRDJ001'),
('What is the age of Bhupendra?', '17', '18', '20', '24', 'D', 'CRDJ001');

-- --------------------------------------------------------

--
-- Table structure for table `scdetails`
--

CREATE TABLE IF NOT EXISTS `scdetails` (
  `regno` varchar(10) DEFAULT NULL,
  `cid` varchar(10) DEFAULT NULL,
  `attendence` int(3) DEFAULT NULL,
  `result` int(3) DEFAULT NULL
) ENGINE=InnoDB DEFAULT CHARSET=latin1;

--
-- Dumping data for table `scdetails`
--

INSERT INTO `scdetails` (`regno`, `cid`, `attendence`, `result`) VALUES
('14RDJ0002', 'CRDJ003', 0, NULL),
('14RDJ0002', 'CRDJ004', 0, 0),
('14RDJ0002', 'CRDJ005', 0, NULL),
('14RDJ0002', 'CRDJ001', 2, NULL),
('14rdj0001', 'CRDJ001', 34, 60),
('14rdj0001', 'CRDJ002', 0, NULL);

-- --------------------------------------------------------

--
-- Table structure for table `student`
--

CREATE TABLE IF NOT EXISTS `student` (
  `name` varchar(20) DEFAULT NULL,
  `address` varchar(50) DEFAULT NULL,
  `gender` varchar(6) DEFAULT NULL,
  `contact` varchar(10) DEFAULT NULL,
  `regno` varchar(10) NOT NULL,
  `email` varchar(50) DEFAULT NULL,
  `psw` varchar(50) DEFAULT NULL,
  PRIMARY KEY (`regno`),
  UNIQUE KEY `regno` (`regno`),
  UNIQUE KEY `regno_2` (`regno`),
  UNIQUE KEY `email` (`email`)
) ENGINE=InnoDB DEFAULT CHARSET=latin1;

--
-- Dumping data for table `student`
--

INSERT INTO `student` (`name`, `address`, `gender`, `contact`, `regno`, `email`, `psw`) VALUES
('Radhe', '', 'male', '', '14RDJ0001', 'radhe.the.rdj@gmail.com', 'rdj0001'),
('Kailash', '', 'male', '', '14RDJ0002', 'kailash@gmail.com', '0002'),
('Sushil', '', 'male', '', '14RDJ0003', 'sushilkator@gmail.com', '0003'),
('Bhupendra', '', 'male', '', '14RDJ0004', 'bhupen@gmail.com', '0004'),
('Rachit', '', 'male', '', '14RDJ0005', 'rachit@gmail.com', '0005'),
('Shyam', '', 'male', '', '14RDJ0006', 'sanwalkailash@gmail.com', 'shyam');

-- --------------------------------------------------------

--
-- Table structure for table `user`
--

CREATE TABLE IF NOT EXISTS `user` (
  `uname` varchar(20) NOT NULL,
  `psw` varchar(20) NOT NULL
) ENGINE=InnoDB DEFAULT CHARSET=latin1;

--
-- Dumping data for table `user`
--

INSERT INTO `user` (`uname`, `psw`) VALUES
('admin', 'admin');

/*!40101 SET CHARACTER_SET_CLIENT=@OLD_CHARACTER_SET_CLIENT */;
/*!40101 SET CHARACTER_SET_RESULTS=@OLD_CHARACTER_SET_RESULTS */;
/*!40101 SET COLLATION_CONNECTION=@OLD_COLLATION_CONNECTION */;
